elapsed_s,unix_ns,request_ms,graphics_mhz,memory_mhz,voltage_mv,power_w,temperature_c,utilization_pct,throttle_mask
0.002471951499956049,1790456274134377587,4.107189000023936,232,810,800,6.418,39.0,1,1
0.10238282700038326,1790456274234042789,3.673122000236617,232,810,800,6.075,39.0,0,1
0.20279892500047936,1790456274334887283,4.5105359999979555,232,810,800,6.075,39.0,0,1
0.3024036785000135,1790456274434149369,3.8142809999044403,232,810,800,6.075,39.0,0,1
0.4016987890004202,1790456274532743710,2.4169220000658242,232,810,800,6.075,39.0,0,1
0.5021891559999858,1790456274633749753,3.4080539999195025,232,810,800,6.075,39.0,0,1
0.6023986345003323,1790456274734006782,3.8029709999136685,232,810,800,6.081,39.0,1,1
0.7024348595000447,1790456274834160151,3.864420999889262,232,810,800,6.081,39.0,1,1
0.8028484270002991,1790456274935035665,4.703013999915129,232,810,800,6.081,39.0,1,1
0.9025196145003065,1790456275034182662,4.046209000080125,232,810,800,6.081,39.0,1,1
1.0017456959999436,1790456275132863672,2.5223899997399712,232,810,800,6.081,39.0,1,1
1.1022773774998313,1790456275233889225,3.5615729998426104,225,810,800,6.232,39.0,0,1
1.2032846600000084,1790456275335887820,5.576038000072003,225,810,800,6.232,39.0,0,1
1.3022931284999686,1790456275433932915,3.5893930003112473,225,810,800,6.232,39.0,0,1
1.4018343815000662,1790456275533073612,2.7732990001823055,225,810,800,6.232,39.0,0,1
1.5022390340004677,1790456275633842826,3.507924000132334,225,810,800,6.232,39.0,0,1
1.6023090439998668,1790456275733956846,3.6011819997838757,225,405,800,6.38,39.0,1,1
1.7032340225000553,1790456275835820642,5.473819000144431,225,405,800,6.38,39.0,1,1
1.8023045149998325,1790456275933944127,3.595501999825501,225,405,800,6.38,39.0,1,1
1.9019789375001892,1790456276033311012,2.9600269999718876,225,405,800,6.38,39.0,1,1
2.002335740500257,1790456276134006607,3.6769910002476536,225,405,800,6.38,39.0,1,1
2.124887154499902,1790456276279041616,48.677981000309956,232,405,800,6.551,39.0,1,1
2.202340096000171,1790456276334026308,3.686361999825749,232,405,800,6.551,39.0,1,1
2.301434998500099,1790456276432179482,1.8661049998627277,232,405,800,6.551,39.0,1,1
2.40177638150044,1790456276532849848,2.574010999978782,232,405,800,6.551,39.0,1,1
2.501633318000131,1790456276632618290,2.2906220001459587,232,405,840,6.551,39.0,1,1
2.601358095500018,1790456276732077294,1.735197000016342,1395,16801,840,12.658,40.0,0,0
2.7013939604998995,1790456276832152744,1.8102669996551413,1395,16801,840,12.658,40.0,0,0
2.8014376055002685,1790456276932239994,1.903875000152766,1395,16801,840,12.658,40.0,0,0
2.9014402010002414,1790456277032242484,1.9099259998256457,1395,16801,840,12.658,40.0,0,0
3.0013444820001496,1790456277132057016,1.7190660000778735,1395,16801,910,12.658,40.0,0,0
3.101332902500417,1790456277232031767,1.688087000275118,2617,16801,910,24.884,40.0,0,0
3.2013822225003423,1790456277332101816,1.7942070003300614,2617,16801,910,24.884,40.0,0,0
3.301433992499824,1790456277432224406,1.89108499989743,2617,16801,910,24.884,40.0,0,0
3.401327153500006,1790456277532019448,1.683167000010144,2617,16801,910,24.884,40.0,0,0
3.5013466485002027,1790456277632044828,1.7099369997595204,2617,16801,910,24.884,40.0,0,0
3.601364829000431,1790456277732088288,1.7571559997122677,2617,16801,910,33.494,40.0,0,0
3.7014527140004247,1790456277832263807,1.934366000114096,2617,16801,910,33.494,40.0,0,0
3.801354749999973,1790456277932056949,1.7383760000484472,2617,16801,910,33.494,40.0,0,0
3.9014251499997954,1790456278032213388,1.875376000043616,2617,16801,910,33.494,40.0,0,0
4.001569034000113,1790456278132478407,2.156804000151169,2617,16801,910,33.494,40.0,0,0
4.101790157500091,1790456278232812565,2.5189910002154647,2617,16801,910,34.018,41.0,28,0
4.20170604399982,1790456278332686766,2.372481999827869,2617,16801,910,34.018,41.0,28,0
4.30159691550034,1790456278432537137,2.20278300002974,2617,16801,910,34.018,41.0,28,0
4.4015008765004495,1790456278532349769,2.0152450001660327,2617,16801,910,34.018,41.0,28,0
4.50219617599987,1790456278633743019,3.4132440000576025,2617,16801,925,34.018,41.0,28,0
4.601305398500244,1790456278731981213,1.6388469998673827,2955,16801,925,36.565,41.0,0,0
4.701458202499907,1790456278832275161,1.9406149999667832,2955,16801,925,36.565,41.0,0,0
4.801502818000245,1790456278932361801,2.026304000082746,2955,16801,925,36.565,41.0,0,0
4.901480783500574,1790456279032314311,1.9852549999086477,2955,16801,925,36.565,41.0,0,0
5.001444263999929,1790456279132255402,1.916755999900488,2955,16801,935,36.565,41.0,0,0
5.10152478900045,1790456279232414211,2.0803439997507667,3022,16801,935,38.542,41.0,1,0
5.201542144000086,1790456279332457642,2.1191539999563247,3022,16801,935,38.542,41.0,1,0
5.302135729999918,1790456279433624273,3.2958240003608807,3022,16801,935,38.542,41.0,1,0
5.402197650000289,1790456279533763522,3.426484000101482,3022,16801,935,38.542,41.0,1,0
5.501662814499923,1790456279632663221,2.336752999781311,3022,16801,935,38.542,41.0,1,0
5.602360144499926,1790456279734064951,3.728991000116366,3000,16801,935,82.325,52.0,99,0
5.701987727500182,1790456279833349527,3.0105570003797766,3000,16801,935,82.325,52.0,99,0
5.802087006999955,1790456279933513276,3.1869159997768293,3000,16801,935,82.325,52.0,99,0
5.901967643500484,1790456280033308758,2.9689070001950313,3000,16801,935,82.325,52.0,99,0
6.001410613000189,1790456280132197667,1.8572259996290086,3000,16801,935,82.325,52.0,99,0
6.101325994500257,1790456280232021378,1.6827270001158467,3022,16801,935,96.127,41.0,0,0
6.202823243000239,1790456280335019076,4.67958399985946,3022,16801,935,96.127,41.0,0,0
6.301594978000139,1790456280432535355,2.203953999924124,3022,16801,935,96.127,41.0,0,0
6.40271268000015,1790456280534796259,4.459595999833255,3022,16801,935,96.127,41.0,0,0
6.501873911500297,1790456280633104952,2.7539789998627384,3022,16801,930,96.127,41.0,0,0
6.602017871000044,1790456280733406250,3.0681560001539765,2940,16801,930,138.774,58.0,100,0
6.7020662560003075,1790456280833447510,3.1646060001548904,2940,16801,930,138.774,58.0,100,0
6.802235030000247,1790456280933815468,3.4840939997593523,2940,16801,930,138.774,58.0,100,0
6.901636990000043,1790456281032618417,2.2655120001218165,2940,16801,930,138.774,58.0,100,0
7.001756889500484,1790456281132884835,2.571110999724624,2940,16801,925,138.774,58.0,100,0
7.1018697590002375,1790456281233038615,2.7600479998000083,2895,16801,925,229.529,58.0,100,0
7.202145352500338,1790456281333280843,2.595900999949663,2895,16801,925,229.529,58.0,100,0
7.301875239500532,1790456281433059935,2.7920289999201486,2895,16801,925,229.529,58.0,100,0
7.402692828999989,1790456281534744213,4.425386000093567,2895,16801,925,229.529,58.0,100,0
7.502802653500112,1790456281634981451,4.6584350002376596,2895,16801,925,229.529,58.0,100,0
7.602398247500332,1790456281734142388,3.8125609999042354,2940,16801,925,266.633,53.0,79,4
7.702343432999896,1790456281834045169,3.7264719999257068,2940,16801,925,266.633,53.0,79,4
7.802352123000219,1790456281934045240,3.7132120000933355,2940,16801,925,266.633,53.0,79,4
7.90222902450023,1790456282033820962,3.470593000201916,2940,16801,925,266.633,53.0,79,4
8.002355183999953,1790456282134055460,3.721571999903972,2940,16801,915,266.633,53.0,79,4
8.102456748500572,1790456282234257599,3.926281000076415,2805,16801,915,250.155,53.0,99,4
8.20236200950012,1790456282334084401,3.7353010002334486,2805,16801,915,250.155,53.0,99,4
8.302342155000133,1790456282434042052,3.721252000104869,2805,16801,915,250.155,53.0,99,4
8.402319006000198,1790456282534002372,3.6670919998869067,2805,16801,915,250.155,53.0,99,4
8.50230467099982,1790456282633977903,3.640962000190484,2805,16801,915,250.155,53.0,99,4
8.602343081000072,1790456282734053883,3.715681999892695,2805,16801,915,252.895,53.0,99,4
8.70234376200051,1790456282834057603,3.7189820000094187,2805,16801,915,252.895,53.0,99,4
8.802387016500234,1790456282934126753,3.7817909997102106,2805,16801,915,252.895,53.0,99,4
8.902461836999919,1790456283034291582,3.9597899999535002,2805,16801,915,252.895,53.0,99,4
9.002280203500504,1790456283133933005,3.592343000036635,2805,16801,915,252.895,53.0,99,4
9.102326928000366,1790456283234031225,3.6903919999531354,2812,16801,915,258.471,54.0,99,4
9.202308994000305,1790456283333991426,3.651001999969594,2812,16801,915,258.471,54.0,99,4
9.302338914000302,1790456283434050806,3.709321999849635,2812,16801,915,258.471,54.0,99,4
9.402232285500304,1790456283533839127,3.4970030001204577,2812,16801,915,258.471,54.0,99,4
9.502325654999822,1790456283634023116,3.683622000153264,2812,16801,915,258.471,54.0,99,4
9.602292880500045,1790456283733957118,3.617413000029046,2812,16801,915,257.945,54.0,99,4
9.70238007550006,1790456283834119017,3.792100999817194,2812,16801,915,257.945,54.0,99,4
9.802383535500212,1790456283934132177,3.7829410002814257,2812,16801,915,257.945,54.0,99,4
9.902221762500176,1790456284033807600,3.478493000329763,2812,16801,915,257.945,54.0,99,4
10.00230509200037,1790456284133966239,3.6423919996195764,2812,16801,915,257.945,54.0,99,4
10.102367767000032,1790456284234081178,3.7498219999179128,2812,16801,915,257.711,54.0,99,4
10.202450496999973,1790456284333969610,3.9134800003921555,2812,16801,915,257.711,54.0,99,4
10.302312533000531,1790456284433970200,3.638071999830572,2812,16801,915,257.711,54.0,99,4
10.402293973500036,1790456284533956011,3.618892999838863,2812,16801,915,257.711,54.0,99,4
10.502294489000178,1790456284633957051,3.6192019997542957,2812,16801,915,257.711,54.0,99,4
10.602310679500079,1790456284733963501,3.629822999755561,2812,16801,915,257.993,54.0,99,4
10.702372174500397,1790456284834112620,3.7753310002699436,2812,16801,915,257.993,54.0,99,4
10.802346965000197,1790456284934049971,3.703551999933552,2812,16801,915,257.993,54.0,99,4
10.902209395999762,1790456285033783524,3.4463540000615467,2812,16801,915,257.993,54.0,99,4
11.00230866100037,1790456285133984753,3.6483620001490635,2812,16801,915,257.993,54.0,99,4
11.102281076500276,1790456285233900104,3.571873000055348,2812,16801,915,258.2,54.0,99,4
11.202378226500059,1790456285334121072,3.7868109998271393,2812,16801,915,258.2,54.0,99,4
11.302334141999836,1790456285434033773,3.6989619998166745,2812,16801,915,258.2,54.0,99,4
11.402294437500132,1790456285533958095,3.6192730003676843,2812,16801,915,258.2,54.0,99,4
11.502331277999929,1790456285634030184,3.6923720003869676,2812,16801,915,258.2,54.0,99,4
11.602290303500013,1790456285733922356,3.5938430000896915,2812,16801,915,258.388,54.0,99,4
11.702380838500176,1790456285834104824,3.77709100030188,2812,16801,915,258.388,54.0,99,4
11.802362188499956,1790456285934045065,3.745790999801102,2812,16801,915,258.388,54.0,99,4
11.902235380000093,1790456286033829487,3.4806539997589425,2812,16801,915,258.388,54.0,99,4
12.002297855000052,1790456286133957397,3.6154220001662907,2812,16801,915,258.388,54.0,99,4
12.102316500000143,1790456286233994337,3.655651999906695,2812,16801,915,258.801,55.0,99,4
12.202338895499906,1790456286334020237,3.68840100009038,2812,16801,915,258.801,55.0,99,4
12.302709318000325,1790456286434361025,3.6293319999458618,2812,16801,915,258.801,55.0,99,4
12.402228672000092,1790456286533802380,3.4694340001806268,2812,16801,915,258.801,55.0,99,4
12.502836783000475,1790456286635043410,4.703254000105517,2812,16801,915,258.801,55.0,99,4
12.602999791999991,1790456286735371878,5.034832000092138,2812,16801,915,258.952,55.0,99,4
12.702347177500087,1790456286834071439,3.7312009999368456,2812,16801,915,258.952,55.0,99,4
12.802311673000531,1790456286933936550,3.660171999854356,2812,16801,915,258.952,55.0,99,4
12.90280757949995,1790456287034956273,4.62440500041339,2812,16801,915,258.952,55.0,99,4
13.002313849000075,1790456287133984370,3.656582000076014,2812,16801,915,258.952,55.0,99,4
13.102333184000145,1790456287234009721,3.677411999888136,2812,16801,915,258.898,55.0,99,4
13.20232276950037,1790456287333985561,3.655283000171039,2812,16801,915,258.898,55.0,99,4
13.3023276050003,1790456287433988322,3.6435520000850374,2812,16801,915,258.898,55.0,99,4
13.402293435500269,1790456287533952172,3.6168329997963156,2812,16801,915,258.898,55.0,99,4
13.502309276000233,1790456287633992172,3.649371999927098,2812,16801,915,258.898,55.0,99,4
13.60236384550035,1790456287734099112,3.755391000140662,2812,16801,915,258.977,55.0,99,4
13.702333196000382,1790456287834038033,3.697112000281777,2812,16801,915,258.977,55.0,99,4
13.802318327000194,1790456287933990674,3.667912000310025,2812,16801,915,258.977,55.0,99,4
13.902544565500193,1790456288034451721,4.118949000257999,2812,16801,915,258.977,55.0,99,4
14.002302977999989,1790456288133960625,3.6198519997014955,2812,16801,915,258.977,55.0,99,4
14.102334202999828,1790456288234023564,3.6793419999412436,2812,16801,915,259.25,55.0,99,4
14.202292128500176,1790456288333942636,3.6166529998808983,2812,16801,915,259.25,55.0,99,4
14.302341339000122,1790456288434014125,3.6680920002254425,2812,16801,915,259.25,55.0,99,4
14.402524432499831,1790456288534417543,4.079279000052338,2812,16801,915,259.25,55.0,99,4
14.502295960000083,1790456288633959237,3.622711999923922,2812,16801,915,259.25,55.0,99,4
14.602465679000034,1790456288734288814,3.9452900000469526,2812,16801,915,259.672,55.0,99,4
14.702511138999853,1790456288834378634,4.054649999943649,2812,16801,915,259.672,55.0,99,4
14.802151752499867,1790456288933654560,3.3296149999841873,2812,16801,915,259.672,55.0,99,4
14.902105622999898,1790456289033556881,3.225175999887142,2812,16801,915,259.672,55.0,99,4
15.001805805500226,1790456289132957376,2.6246010002068942,2812,16801,920,259.672,55.0,99,4
15.101793451000049,1790456289232925927,2.604610000162211,2902,16801,920,263.671,60.0,98,0
15.202171978500246,1790456289333705261,3.352345000166679,2902,16801,920,263.671,60.0,98,0
15.301834256500115,1790456289433040767,2.7014389997930266,2902,16801,920,263.671,60.0,98,0
15.401772497500133,1790456289532915588,2.580700999715191,2902,16801,920,263.671,60.0,98,0
15.502492527000413,1790456289634283168,3.98670000004131,2902,16801,925,263.671,60.0,98,0
15.602559442000256,1790456289734473887,4.140168000049016,2902,16801,925,263.192,49.0,35,4
15.702179415500268,1790456289833723013,3.38375499995891,2902,16801,925,263.192,49.0,35,4
15.80226290050041,1790456289933836833,3.557063000243943,2902,16801,925,263.192,49.0,35,4
15.902643067499866,1790456290034605507,4.283216999738215,2902,16801,925,263.192,49.0,35,4
16.002200811500188,1790456290133744054,3.4085449997292017,2902,16801,930,263.192,49.0,35,4
16.102202262000446,1790456290233770044,3.4228640001856547,2925,16801,930,250.587,61.0,100,0
16.202646658499816,1790456290334668328,4.328597000039736,2925,16801,930,250.587,61.0,100,0
16.301859310500276,1790456290433092890,2.7536990000953665,2925,16801,930,250.587,61.0,100,0
16.40180153099982,1790456290532979822,2.639240000007703,2925,16801,930,250.587,61.0,100,0
16.50232519249994,1790456290634004914,3.6695029998554674,2925,16801,925,250.587,61.0,100,0
16.60204913000007,1790456290733489758,3.18457599996691,2887,16801,925,241.537,59.0,93,0
16.702207024000018,1790456290833754927,3.422503999900073,2887,16801,925,241.537,59.0,93,0
16.801912426500166,1790456290933157082,2.8117889996792655,2887,16801,925,241.537,59.0,93,0
16.902221900000313,1790456291033816137,3.4772940002767427,2887,16801,925,241.537,59.0,93,0
17.001785753499917,1790456291132942544,2.607361000173114,2887,16801,920,241.537,59.0,93,0
17.10178355900007,1790456291232930095,2.602389999992738,2865,16801,920,258.994,61.0,100,0
17.20305928950029,1790456291335488336,5.152911000095628,2865,16801,920,258.994,61.0,100,0
17.302374805000454,1790456291434092697,3.7596819997816056,2865,16801,920,258.994,61.0,100,0
17.40224300150021,1790456291533860489,3.52107300022908,2865,16801,920,258.994,61.0,100,0
17.50234036100028,1790456291634049648,3.715171999829181,2865,16801,920,258.994,61.0,100,0
17.602342801500072,1790456291734045738,3.699510999922495,2857,16801,920,249.17,56.0,99,4
17.702318202000242,1790456291834004789,3.667252000013832,2857,16801,920,249.17,56.0,99,4
17.802344912000535,1790456291934045749,3.694212000027619,2857,16801,920,249.17,56.0,99,4
17.902283193500352,1790456292033932430,3.5972129999208846,2857,16801,920,249.17,56.0,99,4
18.00234792299989,1790456292134071809,3.7297320000106993,2857,16801,915,249.17,56.0,99,4
18.102355013500073,1790456292234085110,3.744490999906702,2805,16801,915,259.765,56.0,99,4
18.202333869000086,1790456292334011671,3.6803620000682713,2805,16801,915,259.765,56.0,99,4
18.302352904000145,1790456292434073631,3.7343519998103147,2805,16801,915,259.765,56.0,99,4
18.40225065550021,1790456292533876813,3.5367729997233255,2805,16801,915,259.765,56.0,99,4
18.50230530050021,1790456292633980282,3.6383429996931227,2805,16801,915,259.765,56.0,99,4
18.60235375550019,1790456292734063852,3.715150999596517,2805,16801,915,266.117,56.0,99,4
18.702316326000073,1790456292833998603,3.6601120000341325,2805,16801,915,266.117,56.0,99,4
18.802260296999975,1790456292933878314,3.524174000176572,2805,16801,915,266.117,56.0,99,4
18.9028368029999,1790456293035025916,4.700324000168621,2805,16801,915,266.117,56.0,99,4
19.002795483499995,1790456293134952237,4.620265000085055,2805,16801,915,266.117,56.0,99,4
19.102322277999974,1790456293234009024,3.6723719999827154,2835,16801,915,258.638,56.0,99,4
19.202381887499996,1790456293334093734,3.7540110001827998,2835,16801,915,258.638,56.0,99,4
19.30231289350013,1790456293433987855,3.652243000033195,2835,16801,915,258.638,56.0,99,4
19.402897694500098,1790456293535101097,4.804242999853159,2835,16801,915,258.638,56.0,99,4
19.50235369400025,1790456293634076795,3.739081999810878,2835,16801,915,258.638,56.0,99,4
19.602399049500036,1790456293734163505,3.815851000126713,2805,16801,915,258.136,56.0,99,4
19.70250205350021,1790456293834321814,4.039999000269745,2805,16801,915,258.136,56.0,99,4
19.80238370999996,1790456293934111376,3.7799120000272524,2805,16801,915,258.136,56.0,99,4
19.9022873910003,1790456294033917408,3.5852719997819804,2805,16801,915,258.136,56.0,99,4
20.002348081000036,1790456294134030328,3.7082919998283614,2805,16801,915,258.136,56.0,99,4
20.102342505999786,1790456294234028578,3.69756200007032,2805,16801,915,266.917,56.0,99,4
20.202554615500503,1790456294334154497,4.095699000117747,2805,16801,915,266.917,56.0,99,4
20.30246044149999,1790456294434214377,3.833590999875014,2805,16801,915,266.917,56.0,99,4
20.402771624000252,1790456294534442966,3.6684219999187917,2805,16801,915,266.917,56.0,99,4
20.5025745060002,1790456294634504396,4.159697999966738,2805,16801,915,266.917,56.0,99,4
20.602512577000198,1790456294734270098,3.938679999919259,2805,16801,915,265.699,55.0,94,4
20.703846577000604,1790456294836985648,6.60835999997289,2805,16801,915,265.699,55.0,94,4
20.802356184000473,1790456294934045771,3.697632000239537,2805,16801,915,265.699,55.0,94,4
20.90274790650028,1790456295034410288,3.619563000029302,2805,16801,915,265.699,55.0,94,4
21.00237785950003,1790456295134087101,3.744681000171113,2805,16801,915,265.699,55.0,94,4
21.10236194500021,1790456295234053892,3.709271999923658,2805,16801,915,258.36,56.0,99,4
21.202348465999876,1790456295334058982,3.7277320002431225,2805,16801,915,258.36,56.0,99,4
21.30239014550034,1790456295434125162,3.7865710000914987,2805,16801,915,258.36,56.0,99,4
21.402266632500414,1790456295533900914,3.561222999906022,2805,16801,915,258.36,56.0,99,4
21.502338851999866,1790456295634052683,3.710921999754646,2805,16801,915,258.36,56.0,99,4
21.6026095455004,1790456295734264452,4.1379890003554465,2805,16801,915,259.844,56.0,99,4
21.7023851175004,1790456295834142703,3.8049310001042613,2805,16801,915,259.844,56.0,99,4
21.802377622500444,1790456295934132794,3.791421000187256,2805,16801,915,259.844,56.0,99,4
21.902267379500245,1790456296033875806,3.5478330000842107,2805,16801,915,259.844,56.0,99,4
22.002401473500413,1790456296134126555,3.7773210001432744,2805,16801,915,259.844,56.0,99,4
22.10241093349987,1790456296234161435,3.8299009997899702,2805,16801,915,267.093,56.0,99,4
22.2029135355001,1790456296335158788,4.814162999991822,2805,16801,915,267.093,56.0,99,4
22.302389479500107,1790456296434112536,3.76911100011057,2805,16801,915,267.093,56.0,99,4
22.402368495000246,1790456296534081007,3.746941999906994,2805,16801,915,267.093,56.0,99,4
22.50232162600014,1790456296634006748,3.674501999739732,2805,16801,915,267.093,56.0,99,4
22.602376346000256,1790456296734085107,3.7392419999378035,2850,16801,915,259.267,56.0,99,4
22.702416741000434,1790456296834165007,3.8215299996409158,2850,16801,915,259.267,56.0,99,4
22.802573460500298,1790456296934445345,4.063648999817815,2850,16801,915,259.267,56.0,99,4
22.90234995200035,1790456297034041049,3.7113319999662053,2850,16801,915,259.267,56.0,99,4
23.00237771250022,1790456297134088089,3.742750999663258,2850,16801,915,259.267,56.0,99,4
23.10235820300022,1790456297234062170,3.7331920002543484,2805,16801,915,259.416,56.0,99,4
23.20231909899985,1790456297334007400,3.670562000024802,2805,16801,915,259.416,56.0,99,4
23.302414578500247,1790456297434153560,3.819960999862815,2805,16801,915,259.416,56.0,99,4
23.40230200950009,1790456297533970442,3.6332629997559707,2805,16801,915,259.416,56.0,99,4
23.50224031550033,1790456297633833733,3.5142130000167526,2805,16801,915,259.416,56.0,99,4
23.602387684500172,1790456297734123481,3.7975710001774132,2805,16801,915,267.309,56.0,99,4
23.702419329999884,1790456297834132831,3.8491800000883813,2805,16801,915,267.309,56.0,99,4
23.802371865499936,1790456297934112922,3.7685310003325867,2805,16801,915,267.309,56.0,99,4
23.90286594700001,1790456298035109135,4.765713999859145,2805,16801,915,267.309,56.0,99,4
24.002826122999977,1790456298135026206,4.686364000008325,2805,16801,915,267.309,56.0,99,4
24.102349697000136,1790456298234073393,3.7343320000218228,2835,16801,915,258.43,56.0,99,4
24.202667490000294,1790456298334721689,4.412916000092082,2835,16801,915,258.43,56.0,99,4
24.302320663000046,1790456298434015135,3.675542000109999,2835,16801,915,258.43,56.0,99,4
24.402249224000116,1790456298533869666,3.5287840000819415,2835,16801,915,258.43,56.0,99,4
24.502238344500256,1790456298633842707,3.5027029998673243,2835,16801,915,258.43,56.0,99,4
24.602293379500225,1790456298733953286,3.6178330001348513,2805,16801,915,259.157,57.0,99,4
24.702299490000314,1790456298833962857,3.6348919998090423,2805,16801,915,259.157,57.0,99,4
24.802337805000207,1790456298934041236,3.7071019996801624,2805,16801,915,259.157,57.0,99,4
24.902837976499995,1790456299035038679,4.712044999905629,2805,16801,915,259.157,57.0,99,4
25.00294495099979,1790456299135227028,4.899351999938517,2805,16801,915,259.157,57.0,99,4
25.102307611500237,1790456299233981778,3.6499930001809844,2805,16801,915,267.128,57.0,99,4
25.202397276000283,1790456299334130187,3.803781999977218,2805,16801,915,267.128,57.0,99,4
25.302574265000203,1790456299434488505,4.1576980001991615,2805,16801,915,267.128,57.0,99,4
25.402274222500182,1790456299533921850,3.5831530003633816,2805,16801,915,267.128,57.0,99,4
25.502359217499816,1790456299634072589,3.747221000139689,2805,16801,915,267.128,57.0,99,4
25.605813841500094,1790456299740986177,10.651888999746006,2805,16801,915,266.068,50.0,91,4
25.701881466500254,1790456299833132557,2.7942589999838674,2805,16801,915,266.068,50.0,91,4
25.801437870500195,1790456299932244144,1.9047050000153831,2805,16801,915,266.068,50.0,91,4
25.901332726500186,1790456300032035606,1.6972969997368637,2805,16801,915,266.068,50.0,91,4
26.00139261150025,1790456300132158245,1.8154670001422346,2805,16801,935,266.068,50.0,91,4
26.10126892800008,1790456300231904648,1.5679779999118182,3022,17001,935,153.602,46.0,0,0
26.20133403800037,1790456300332040087,1.6974160002973804,3022,17001,935,153.602,46.0,0,0
26.301270534000196,1790456300431910648,1.572588000271935,3022,17001,935,153.602,46.0,0,0
26.401447452999946,1790456300532267036,1.9158660002176475,3022,17001,935,153.602,46.0,0,0
26.50204786400036,1790456300633444598,3.1241060000866128,3022,17001,940,153.602,46.0,0,0
26.60143697400008,1790456300732238117,1.9048260001000017,3022,17001,940,41.268,45.0,0,0
26.701418769000156,1790456300832206108,1.8724760002442054,3022,17001,940,41.268,45.0,0,0
26.80142307899996,1790456300932214488,1.8782559995997872,3022,17001,940,41.268,45.0,0,0
26.90142608999986,1790456301032219898,1.8862359997910971,3022,17001,940,41.268,45.0,0,0
27.001338626000233,1790456301132043990,1.7098280000027444,3022,17001,940,41.268,45.0,0,0
27.10133615650011,1790456301232040310,1.700126999821805,3022,17001,940,39.84,45.0,0,1
27.20126863700034,1790456301331905252,1.5685280000070634,3022,17001,940,39.84,45.0,0,1
27.30159770550017,1790456301432568477,2.227222999863443,3022,17001,940,39.84,45.0,0,1
27.401425651999944,1790456301532221680,1.8860960003621585,3022,17001,940,39.84,45.0,0,1
27.501733915500154,1790456301632805736,2.4728210000830586,3022,17001,895,39.84,45.0,0,1
27.60172765050038,1790456301732824657,2.4826510002640134,2212,17001,895,36.135,44.0,0,1
